Mærke;Model/variant;Pris DKK;Batteri kWh;WLTP km;Forbrug kWh/100 km;DC kW
Opel;Rocks Electric Rocks Electric;74000;5.5;75;7.3;0
Citroën;Ami Ami;75000;5.5;75;7.3;0
Fiat;Topolino Topolino;77500;5.5;75;7.3;0
Micro;Microlino Dolce;79000;10.5;177;6.3;0
Elveon Motors;Min-E Sedan BASE;103995;15.1;170;9.0;22
Maxus;eDeliver 3 Standard Range 52 kWh;124900;52;238;23.6;60
Citroën;ë-C3 You!;139990;30;204;15.0;30
Renault;Twingo Electric Evolution 27,5 kWh;146990;27.5;263;10.5;50
BYD;Dolphin Surf Active;149995;30;220;15.5;65
Smart;EQ ForTwo Premium;169900;17.6;132;16.0;22
Peugeot;208 e-208 Vision;169990;50;362;15.4;100
Hyundai;INSTER Standard Range Essential;174995;42;327;14.3;85
MG;MG4 Urban (2026) Comfort Standard Range;174999;43;325;13.8;82
Renault;Renault 5 E-Tech Evolution 40 kWh;184990;40;312;14.9;80
Kia;EV2 Standard Range Access;184999;42.2;312;14.7;101
Nissan;Micra Electric 40 kWh;189900;40;316;15.2;80
Cupra;Raval Base;189990;37;330;13.6;50
Fiat;Grande Panda La Prima;189990;44;322;16.8;100
Fiat;500 Electric 24 kWh;189990;24;180;13.0;50
Volkswagen;ID. Polo Trend;189995;37;323;13.0;90
Opel;Frontera Electric Edition;199990;44;305;18.2;100
Leapmotor;B10 Life;199990;56.2;361;16.0;140
Renault;Renault 4 E-Tech Evolution 40 kWh;199990;40;308;14.7;80
Citroën;ë-C3 Aircross You!;199990;44;306;18.1;100
Peugeot;E-2008 e-2008 Vision;199990;54;331;15.5;100
MG;MGS5 EV Standard Range Comfort;199999;49;340;15.5;120
Jaecoo;J5 EV Comfort;209900;60.9;402;16.6;130
Firefly;Firefly Select;209900;42.1;330;14.5;100
Ford;Puma Gen-E Select;209990;43;376;13.1;100
GAC Aion;Aion UT UT 60 kWh;210000;60;430;15.0;120
BYD;Dolphin Comfort;214995;60.4;427;15.9;80
Jeep;Avenger Electric Longitude;219990;54;400;15.4;100
Skyworth;K 62 kWh;219990;62;400;17.0;80
Hyundai;KONA Electric (2023) Standard Essential;219995;48.4;377;14.6;102
MG;MG4 Premium Long Range;219999;64;452;16.0;154
Kia;Niro EV Access;219999;64.8;460;16.2;80
Mini;Electric Cooper E;224800;40.7;305;15.5;75
Opel;Mokka Electric Base;224990;54;403;15.5;100
BYD;Atto 2 Boost;224995;45.1;312;16.0;65
Suzuki;e-Vitara Club 2WD;229990;49;344;15.8;150
Omoda;5 EV Standard FWD;234900;61;430;15.9;130
Toyota;Urban Cruiser Active;234990;49;344;15.8;150
Alfa Romeo;Junior Core;234990;54;410;15.0;100
XPENG;L03 Standard Range RWD;239995;56;445;14.5;193
Volvo;EX30 Standard Range Core;244900;49;337;17.1;134
Renault;Mégane E-Tech Electric Techno 60 kWh;244990;60;468;15.5;130
Nissan;Leaf (2026) Engage 52 kWh;249900;52;436;14.2;105
Cupra;Born Basis 58 kWh;249990;59;427;15.2;165
Volkswagen;ID.3 Trend;249995;52;388;15.4;145
Volkswagen;ID. Cross Life;249995;52;420;14.5;145
Kia;EV3 Standard Range Access;249999;58.3;435;14.9;102
Zeekr;X Core RWD;259990;49;330;17.3;150
Citroën;ë-C5 Aircross You! 74 kWh;259990;73;520;16.0;160
Skoda;Elroq 60;260095;59;428;15.4;165
Ford;Explorer Style RWD SR;264990;52;378;15.7;145
Changan;Deepal S05 Pro RWD;264990;68.8;485;16.0;200
Alpine;A290 GT;264990;52;380;15.9;100
Kia;EV4 Standard Range Access;264999;58.3;456;14.9;101
Tesla;Model 3 Standard RWD;269990;60;513;13.2;170
Opel;Grandland Electric Edition;279990;73;523;16.9;160
Peugeot;E-3008 e-3008 Allure;279990;73;525;16.0;160
Hyundai;IONIQ 6 Standard Range RWD Essential;279995;63;521;14.5;235
Hyundai;IONIQ 5 Standard Range RWD Essential;279995;63;440;16.0;235
BYD;Seal U Comfort;279995;71.8;420;19.9;115
BYD;Atto 3 EVO Design;279995;74.8;510;16.0;220
Ford;Capri Style RWD SR;284990;52;393;15.7;145
Nissan;Ariya (2022) Advance 87 kWh;285200;87;535;18.2;130
Smart;#1 Premium;289990;62;440;16.5;150
Kia;EV6 Standard Range RWD;294900;63;428;16.5;258
Nissan;Ariya (2026) Engage Plus 63 kWh;299900;63;404;17.0;130
Changan;Deepal S07 Standard RWD;299990;79.97;475;18.0;93
Mazda;6e Takumi;299990;68.8;479;16.6;200
Toyota;C-HR+ Active FWD;299990;77;607;13.4;150
Toyota;bZ4X Active 57 kWh FWD;299990;57.7;444;14.9;150
Citroën;ë-C4X Shine 156;299990;54;415;15.3;100
Cupra;Tavascan Basis;299990;77;568;15.2;135
KGM;Torres EVX Standard;299995;73.4;462;18.6;120
XPENG;G6 Standard Range RWD;299995;68.5;435;17.5;382
Volkswagen;ID.4 Pure;299995;52;363;16.5;145
Kia;EV5 Standard Range Access;299999;58;366;17.0;150
MG;S6 EV Luxury Long Range RWD;299999;77;530;16.5;144
Tesla;Model Y Standard RWD;304990;60;534;15.5;250
Peugeot;e-308 e-308 Allure;304990;54;416;15.6;100
Skoda;Enyaq 60 Selection;304995;59;437;15.4;165
GWM;ORA 03 Standard 57 kWh;305500;57.7;400;16.7;67
Renault;Scenic E-Tech Evolution 60 kWh;309990;60;430;16.3;130
Smart;#3 Premium;309990;62;455;16.5;150
Citroën;ë-C4 Shine 136;314990;50;357;16.0;100
Skoda;Enyaq Coupé 60;314995;59;446;15.3;165
BYD;Seal Long Range;319995;82.5;570;16.0;150
Zeekr;7GT Core RWD;324900;75;519;15.8;450
Aiways;U5 Premium;324990;63;400;17.0;90
DS Automobiles;3 E-Tense 3 E-Tense;329900;54;404;15.5;100
Ford;Mustang Mach-E Standard Range RWD;329990;73;470;17.2;150
Mazda;CX-6e Takumi;329990;78;484;18.0;200
BYD;Sealion 7 Design RWD;329995;82.5;482;19.9;230
Mercedes-Benz;EQT 200 Standard;334691;45;278;19.3;80
Subaru;Solterra Limited;334900;73.1;532;17.0;150
Peugeot;E-5008 E-5008 Allure;344990;73;502;17.7;160
Kia;EV1 Standard Range;349990;58;420;16.0;150
Toyota;bZ4X Touring FWD;349990;74.7;560;15.8;150
MG;Marvel R Executive;349990;70;402;20.9;92
Volkswagen;ID. Buzz Kort Life;349995;79;461;20.6;185
Volvo;EC40 Single Motor Core;351000;79;583;16.0;200
Volvo;EX40 Single Motor Core;351000;79;575;16.0;200
Smart;#5 Pro RWD;359700;74.4;465;18.5;150
XPENG;P7+ Long Range RWD;359995;92.2;710;15.1;446
KGM;Musso EV Musso EV FWD;364995;80.6;420;21.5;120
Volvo;EX30 Cross Country Twin Motor AWD Performance;365900;64;427;17.2;153
Subaru;E-Outback Limited AWD;369900;74.7;500;17.5;150
BMW;iX1 eDrive20 M Sport;369900;64.8;474;16.5;130
Honda;e:Ny1 Advance;369990;68.8;412;18.2;78
Audi;Q4 e-tron 40 e-tron S line Edition;369990;63;411;17.0;165
Volkswagen;ID.7 Pure;369995;59;388;15.5;165
Zeekr;7X Core RWD;374900;75;480;18.0;480
Mini;Countryman Electric Countryman E;375000;64.6;462;16.8;130
BMW;iX2 (2024) eDrive20 M Sport;379900;64.8;478;16.5;130
Exlantix;ES Advanced 74 kWh;379990;74;530;16.0;160
Opel;Astra Electric Edition;379990;54;418;15.5;100
Aiways;U6 Premium;379990;63;400;18.0;90
Kia;PV5 Standard RWD;379990;51.5;400;15.0;150
Volkswagen;ID.7 Tourer Pro+;379995;86;690;15.0;200
Volkswagen;ID.5 Style Edition;384995;77;556;16.0;175
Mercedes-Benz;GLA with EQ Technology 200;385900;58;426;16.0;200
Kia;Sportage EV Standard;389990;81.4;550;17.0;128
MG;IM5 Long Range;389999;96.5;710;15.5;396
Mercedes-Benz;EQA 250+ AMG Edition;396200;70.5;561;15.9;100
Mercedes-Benz;EQB EQB 250+ AMG Edition;396200;70.5;535;16.4;100
Mercedes-Benz;CLA 200 Advance Edition;399900;58;541;12.2;200
XPENG;P7 Long Range RWD;399900;82.7;576;16.8;175
MG;IM6 Long Range;399999;96.5;555;19.5;396
Mercedes-Benz;GLB GLB 250+;419900;85;600;16.5;320
Mercedes-Benz;CLA Shooting Brake CLA 250+ Advance Edition;429900;85;760;13.5;320
Hyundai;STARIA Electric Wagon 9-sæder;429995;84;460;22.0;200
BYD;Tang Excellence AWD;429995;108.8;530;23.0;170
Volvo;EX50 Single Motor RWD;439990;69;480;16.0;175
NIO;ET5 Standard Range 73 kWh;449900;73.5;456;19.0;140
BMW;i4 eDrive35 M Sport;449900;67;500;15.5;180
Volvo;EX70 Single Motor;449990;92;650;16.0;250
Mercedes-Benz;EQC 300;449990;80;480;19.0;200
Kia;EV9 Standard Range RWD Upgrade;449999;76.1;443;20.2;210
Zeekr;001 Core RWD;454900;94;620;17.0;200
Lexus;ES 350e Executive;459500;77;530;16.5;150
Polestar;4 Long Range Single Motor RWD;465000;94;620;17.8;200
Polestar;2 Long Range Single Motor RWD;488032;79;659;14.8;205
NIO;ES6 Standard Range 73 kWh;489900;73.5;455;19.0;140
XPENG;G9 Standard Range RWD;499900;79;502;18.0;445
MG;MG Cyberster Trophy;499999;74.4;507;17.5;144
Alpine;A390 GT;509990;89;555;18.5;190
Hyundai;IONIQ 9 RWD Advanced;509995;110.3;620;19.9;350
BMW;i5 (2023) eDrive40 M Sport;519900;81.2;582;17.0;205
Audi;A6 e-tron Sportback Progress plus;519990;94.9;756;14.0;270
Audi;Q6 e-tron e-tron S line plus;519990;83;625;15.5;270
Mercedes-Benz;EQE 350+;535554;96;690;16.0;170
Hyundai;IONIQ 6 N AWD;539995;84;448;21.0;350
Genesis;GV70 Electrified Advanced AWD;541100;84;455;21.0;240
Volvo;EX60 P6 Plus RWD;544900;83;620;15.5;320
BMW;i5 Touring eDrive40 M Sport;559900;81.2;560;17.5;205
Audi;e-tron 50;569900;64;340;22.0;120
Genesis;GV60 Standard;579990;77.4;517;17.0;240
BMW;iX3 (2025) 50 xDrive;599000;108.7;805;15.1;400
Mercedes-Benz;EQE SUV 350;599990;90.6;565;19.0;170
Hyundai;IONIQ 7 Standard;599990;84;500;19.0;235
Mercedes-Benz;GLC with EQ Technology 400 4MATIC;619900;94;713;15.0;330
Mercedes-Benz;VLE VLE 300;639995;116;700;19.0;320
Maxus;eTerron 9 Luxury;649990;102.2;430;26.0;115
Lexus;RZ 450e+;649990;96;575;19.0;150
Hongqi;EH7 Luxury;649990;111;655;19.0;250
Audi;Q8 e-tron 50 quattro;649990;89;491;21.0;170
Polestar;3 Rear motor;675000;111;706;17.6;250
Genesis;G80 Electrified Standard AWD;690000;82.5;520;19.0;240
NIO;EL6 Long Range AWD;699900;90;529;20.0;240
Hyundai;IONIQ 5 N Standard;699990;84;448;21.2;350
Porsche;Macan Electric Macan;729900;95;641;17.9;270
BMW;iX xDrive60;750000;109.1;701;18.0;195
Volvo;EX90 Twin Motor AWD;879900;107;614;20.5;250
BMW;iX M70 M70 xDrive;899990;108.9;600;21.0;195
BMW;i7 xDrive40;899990;101.7;625;18.4;195
Porsche;Taycan Taycan;929900;89;678;16.7;320
Audi;e-tron GT quattro Pro;929990;97;622;18.0;320
Porsche;Cayenne Electric Cayenne E4;1069900;108;642;20.0;390
Tesla;Model S Long Range AWD;1090000;100;634;18.0;250
BMW;iX M60 M60 xDrive;1099900;105.2;566;22.0;195
Tesla;Model X AWD;1130000;100;625;19.0;250
Polestar;5 Dual Motor;1150000;112;670;19.5;350
Mercedes-Benz;EQS 580 4MATIC;1159000;118;650;21.0;200
